,Unnamed: 0,Open_time,Open,High,Low,Close,Volume,Close_time,MA5,MA20,MA50,MA100,Up,Close_to_zero
0,0,2021-12-16 02:04:00,1.736,1.737,1.735,1.736,509.04,2021-12-16 02:04:59.999,,,,,0,0
1,1,2021-12-16 02:05:00,1.737,1.739,1.737,1.738,626.94,2021-12-16 02:05:59.999,,,,,0,0
2,2,2021-12-16 02:06:00,1.734,1.734,1.729,1.731,5900.71,2021-12-16 02:06:59.999,,,,,0,0
3,3,2021-12-16 02:07:00,1.73,1.73,1.726,1.729,2139.83,2021-12-16 02:07:59.999,,,,,0,0
4,4,2021-12-16 02:08:00,1.728,1.728,1.715,1.72,8372.82,2021-12-16 02:08:59.999,1.7308,,,,0,0
5,5,2021-12-16 02:09:00,1.721,1.722,1.715,1.718,3029.36,2021-12-16 02:09:59.999,1.7272000000000003,,,,0,0
6,6,2021-12-16 02:10:00,1.718,1.719,1.718,1.718,1965.9,2021-12-16 02:10:59.999,1.7231999999999998,,,,0,0
7,7,2021-12-16 02:11:00,1.718,1.719,1.714,1.719,6028.71,2021-12-16 02:11:59.999,1.7207999999999999,,,,0,0
8,8,2021-12-16 02:12:00,1.721,1.724,1.72,1.722,2864.58,2021-12-16 02:12:59.999,1.7193999999999998,,,,0,0
9,9,2021-12-16 02:13:00,1.722,1.723,1.721,1.721,1249.0,2021-12-16 02:13:59.999,1.7196000000000002,,,,0,0
10,10,2021-12-16 02:14:00,1.721,1.721,1.718,1.718,217.4,2021-12-16 02:14:59.999,1.7196000000000002,,,,0,0
11,11,2021-12-16 02:15:00,1.718,1.72,1.711,1.716,3812.35,2021-12-16 02:15:59.999,1.7192,,,,0,0
12,12,2021-12-16 02:16:00,1.717,1.718,1.713,1.718,1941.88,2021-12-16 02:16:59.999,1.719,,,,0,0
13,13,2021-12-16 02:17:00,1.715,1.719,1.714,1.718,3197.18,2021-12-16 02:17:59.999,1.7182000000000002,,,,0,0
14,14,2021-12-16 02:18:00,1.718,1.718,1.709,1.712,11869.01,2021-12-16 02:18:59.999,1.7164000000000001,,,,0,0
15,15,2021-12-16 02:19:00,1.715,1.717,1.708,1.716,8355.62,2021-12-16 02:19:59.999,1.716,,,,0,0
16,16,2021-12-16 02:20:00,1.715,1.719,1.712,1.716,4607.96,2021-12-16 02:20:59.999,1.716,,,,0,0
17,17,2021-12-16 02:21:00,1.718,1.718,1.715,1.715,8324.81,2021-12-16 02:21:59.999,1.7154,,,,0,0
18,18,2021-12-16 02:22:00,1.716,1.716,1.715,1.715,90.88,2021-12-16 02:22:59.999,1.7147999999999999,,,,0,0
19,19,2021-12-16 02:23:00,1.716,1.716,1.71,1.712,7912.22,2021-12-16 02:23:59.999,1.7147999999999999,1.7204000000000002,,,0,0
20,20,2021-12-16 02:24:00,1.714,1.715,1.712,1.715,1366.86,2021-12-16 02:24:59.999,1.7146000000000001,1.71935,,,0,0
21,21,2021-12-16 02:25:00,1.715,1.716,1.715,1.716,2033.64,2021-12-16 02:25:59.999,1.7146000000000001,1.71825,,,0,0
22,22,2021-12-16 02:26:00,1.716,1.716,1.711,1.713,3053.24,2021-12-16 02:26:59.999,1.7142,1.7173500000000002,,,0,0
23,23,2021-12-16 02:27:00,1.711,1.712,1.71,1.712,1067.0,2021-12-16 02:27:59.999,1.7136000000000002,1.7165000000000004,,,0,0
24,24,2021-12-16 02:28:00,1.712,1.712,1.711,1.712,771.06,2021-12-16 02:28:59.999,1.7136,1.7160999999999997,,,0,0
25,25,2021-12-16 02:29:00,1.712,1.712,1.706,1.706,16444.63,2021-12-16 02:29:59.999,1.7117999999999998,1.7155,,,0,0
26,26,2021-12-16 02:30:00,1.705,1.706,1.705,1.706,5568.58,2021-12-16 02:30:59.999,1.7098,1.7148999999999996,,,0,0
27,27,2021-12-16 02:31:00,1.705,1.709,1.705,1.709,555.82,2021-12-16 02:31:59.999,1.709,1.7144000000000001,,,0,0
28,28,2021-12-16 02:32:00,1.709,1.709,1.707,1.709,1798.77,2021-12-16 02:32:59.999,1.7084,1.7137499999999999,,,0,0
29,29,2021-12-16 02:33:00,1.709,1.709,1.704,1.705,6253.8,2021-12-16 02:33:59.999,1.707,1.71295,,,0,0
30,30,2021-12-16 02:34:00,1.706,1.706,1.701,1.703,11161.86,2021-12-16 02:34:59.999,1.7064,1.7122,,,0,0
31,31,2021-12-16 02:35:00,1.703,1.705,1.703,1.703,896.65,2021-12-16 02:35:59.999,1.7058,1.7115500000000001,,,0,0
32,32,2021-12-16 02:36:00,1.703,1.705,1.702,1.705,2197.31,2021-12-16 02:36:59.999,1.705,1.7108999999999999,,,0,0
33,33,2021-12-16 02:37:00,1.706,1.72,1.705,1.72,7318.76,2021-12-16 02:37:59.999,1.7072000000000003,1.7109999999999999,,,0,0
34,34,2021-12-16 02:38:00,1.718,1.724,1.716,1.723,2219.83,2021-12-16 02:38:59.999,1.7108,1.7115499999999997,,,0,0
35,35,2021-12-16 02:39:00,1.722,1.722,1.707,1.715,3528.0,2021-12-16 02:39:59.999,1.7132,1.7115000000000002,,,0,0
36,36,2021-12-16 02:40:00,1.715,1.724,1.715,1.717,6601.3,2021-12-16 02:40:59.999,1.716,1.7115500000000001,,,0,0
37,37,2021-12-16 02:41:00,1.72,1.721,1.718,1.719,460.56,2021-12-16 02:41:59.999,1.7187999999999999,1.7117499999999999,,,0,0
38,38,2021-12-16 02:42:00,1.719,1.72,1.719,1.72,809.96,2021-12-16 02:42:59.999,1.7188000000000003,1.7120000000000002,,,0,0
39,39,2021-12-16 02:43:00,1.72,1.72,1.719,1.719,741.79,2021-12-16 02:43:59.999,1.718,1.71235,,,0,0
40,40,2021-12-16 02:44:00,1.718,1.718,1.713,1.713,4645.83,2021-12-16 02:44:59.999,1.7176000000000002,1.7122500000000003,,,0,0
41,41,2021-12-16 02:45:00,1.714,1.714,1.712,1.712,837.39,2021-12-16 02:45:59.999,1.7166000000000001,1.71205,,,0,0
42,42,2021-12-16 02:46:00,1.715,1.717,1.712,1.716,1794.99,2021-12-16 02:46:59.999,1.716,1.7122,,,0,0
43,43,2021-12-16 02:47:00,1.716,1.72,1.716,1.72,1180.8,2021-12-16 02:47:59.999,1.716,1.7125999999999997,,,0,0
44,44,2021-12-16 02:48:00,1.72,1.722,1.72,1.722,309.6,2021-12-16 02:48:59.999,1.7166000000000001,1.7131,,,0,0
45,45,2021-12-16 02:49:00,1.721,1.725,1.719,1.719,7467.69,2021-12-16 02:49:59.999,1.7178,1.7137499999999999,,,0,0
46,46,2021-12-16 02:50:00,1.72,1.722,1.718,1.722,632.85,2021-12-16 02:50:59.999,1.7198,1.7145500000000002,,,0,0
47,47,2021-12-16 02:51:00,1.721,1.724,1.721,1.724,2081.48,2021-12-16 02:51:59.999,1.7213999999999998,1.7152999999999998,,,0,0
48,48,2021-12-16 02:52:00,1.724,1.724,1.72,1.72,652.22,2021-12-16 02:52:59.999,1.7213999999999998,1.71585,,,0,0
49,49,2021-12-16 02:53:00,1.721,1.721,1.714,1.717,6666.25,2021-12-16 02:53:59.999,1.7204000000000002,1.71645,1.7168,,0,0
50,50,2021-12-16 02:54:00,1.715,1.717,1.714,1.714,1166.59,2021-12-16 02:54:59.999,1.7193999999999998,1.717,1.7163599999999999,,0,0
51,51,2021-12-16 02:55:00,1.716,1.717,1.713,1.716,1006.35,2021-12-16 02:55:59.999,1.7182,1.7176500000000001,1.71592,,0,0
52,52,2021-12-16 02:56:00,1.717,1.718,1.717,1.717,546.73,2021-12-16 02:56:59.999,1.7167999999999999,1.71825,1.7156399999999998,,0,0
53,53,2021-12-16 02:57:00,1.717,1.717,1.714,1.715,1821.75,2021-12-16 02:57:59.999,1.7158000000000002,1.718,1.71536,,0,0
54,54,2021-12-16 02:58:00,1.715,1.715,1.712,1.712,6650.03,2021-12-16 02:58:59.999,1.7147999999999999,1.7174500000000001,1.7152,,0,0
55,55,2021-12-16 02:59:00,1.714,1.716,1.714,1.716,1238.94,2021-12-16 02:59:59.999,1.7152,1.7175,1.71516,,0,0
56,56,2021-12-16 03:00:00,1.715,1.715,1.712,1.714,1641.38,2021-12-16 03:00:59.999,1.7147999999999999,1.7173500000000002,1.7150799999999997,,0,0
57,57,2021-12-16 03:01:00,1.713,1.714,1.71,1.712,7675.71,2021-12-16 03:01:59.999,1.7137999999999998,1.717,1.71494,,0,0
58,58,2021-12-16 03:02:00,1.71,1.71,1.709,1.71,1449.97,2021-12-16 03:02:59.999,1.7128,1.7165,1.7147,,0,0
59,59,2021-12-16 03:03:00,1.709,1.709,1.708,1.708,1628.4,2021-12-16 03:03:59.999,1.7120000000000002,1.71595,1.7144400000000002,,0,0
60,60,2021-12-16 03:04:00,1.708,1.708,1.707,1.707,364.15,2021-12-16 03:04:59.999,1.7102,1.7156500000000001,1.71422,,0,0
61,61,2021-12-16 03:05:00,1.707,1.707,1.701,1.701,4540.77,2021-12-16 03:05:59.999,1.7076,1.7151,1.7139199999999999,,0,0
62,62,2021-12-16 03:06:00,1.702,1.702,1.688,1.695,32962.52,2021-12-16 03:06:59.999,1.7042000000000002,1.7140499999999999,1.71346,,0,0
63,63,2021-12-16 03:07:00,1.695,1.712,1.692,1.712,22016.76,2021-12-16 03:07:59.999,1.7046,1.7136500000000001,1.71334,,0,0
64,64,2021-12-16 03:08:00,1.713,1.718,1.71,1.717,3763.89,2021-12-16 03:08:59.999,1.7064,1.7134,1.7134399999999999,,0,0
65,65,2021-12-16 03:09:00,1.717,1.719,1.701,1.713,6078.89,2021-12-16 03:09:59.999,1.7076,1.7131,1.7133800000000001,,0,0
66,66,2021-12-16 03:10:00,1.712,1.714,1.704,1.711,4824.91,2021-12-16 03:10:59.999,1.7096,1.7125499999999998,1.7132800000000001,,0,0
67,67,2021-12-16 03:11:00,1.709,1.713,1.709,1.711,710.12,2021-12-16 03:11:59.999,1.7128,1.7119,1.7132000000000003,,0,0
68,68,2021-12-16 03:12:00,1.71,1.711,1.705,1.708,1656.4,2021-12-16 03:12:59.999,1.7120000000000002,1.7113000000000003,1.71306,,0,0
69,69,2021-12-16 03:13:00,1.708,1.708,1.702,1.704,2739.1,2021-12-16 03:13:59.999,1.7094,1.71065,1.7128999999999999,,0,0
70,70,2021-12-16 03:14:00,1.704,1.712,1.703,1.712,2754.2,2021-12-16 03:14:59.999,1.7091999999999998,1.71055,1.71284,,0,0
71,71,2021-12-16 03:15:00,1.709,1.709,1.706,1.707,1841.7,2021-12-16 03:15:59.999,1.7084,1.7101,1.7126600000000003,,0,0
72,72,2021-12-16 03:16:00,1.709,1.709,1.703,1.708,2283.61,2021-12-16 03:16:59.999,1.7078,1.70965,1.71256,,0,0
73,73,2021-12-16 03:17:00,1.708,1.708,1.704,1.704,1047.2,2021-12-16 03:17:59.999,1.707,1.7091,1.7124000000000001,,0,0
74,74,2021-12-16 03:18:00,1.704,1.708,1.704,1.707,1525.19,2021-12-16 03:18:59.999,1.7076,1.70885,1.7123000000000002,,0,0
75,75,2021-12-16 03:19:00,1.705,1.706,1.702,1.702,1246.4,2021-12-16 03:19:59.999,1.7056,1.7081499999999998,1.71222,,0,0
76,76,2021-12-16 03:20:00,1.704,1.722,1.703,1.71,9455.58,2021-12-16 03:20:59.999,1.7062000000000002,1.7079499999999999,1.7123,,0,0
77,77,2021-12-16 03:21:00,1.71,1.71,1.694,1.694,20000.06,2021-12-16 03:21:59.999,1.7033999999999998,1.7070500000000002,1.7120000000000002,,0,0
78,78,2021-12-16 03:22:00,1.694,1.703,1.693,1.702,4904.35,2021-12-16 03:22:59.999,1.703,1.7066500000000002,1.7118600000000002,,0,0
79,79,2021-12-16 03:23:00,1.704,1.705,1.702,1.704,1751.65,2021-12-16 03:23:59.999,1.7024000000000001,1.7064499999999998,1.71184,,0,0
80,80,2021-12-16 03:24:00,1.704,1.705,1.704,1.704,380.86,2021-12-16 03:24:59.999,1.7027999999999999,1.7063,1.7118600000000002,,0,0
81,81,2021-12-16 03:25:00,1.703,1.705,1.702,1.704,2075.25,2021-12-16 03:25:59.999,1.7015999999999998,1.7064500000000002,1.7118799999999998,,0,0
82,82,2021-12-16 03:26:00,1.704,1.704,1.703,1.703,1515.97,2021-12-16 03:26:59.999,1.7033999999999998,1.70685,1.71184,,0,0
83,83,2021-12-16 03:27:00,1.702,1.702,1.701,1.701,89.72,2021-12-16 03:27:59.999,1.7032,1.7063,1.7114600000000002,,0,0
84,84,2021-12-16 03:28:00,1.701,1.704,1.7,1.7,1689.91,2021-12-16 03:28:59.999,1.7024000000000001,1.7054500000000001,1.7109999999999999,,0,0
85,85,2021-12-16 03:29:00,1.701,1.701,1.7,1.7,3328.44,2021-12-16 03:29:59.999,1.7015999999999998,1.7047999999999999,1.7106999999999999,,0,0
86,86,2021-12-16 03:30:00,1.7,1.7,1.699,1.699,2562.03,2021-12-16 03:30:59.999,1.7006000000000001,1.7042000000000002,1.71034,,0,0
87,87,2021-12-16 03:31:00,1.699,1.699,1.691,1.696,5965.01,2021-12-16 03:31:59.999,1.6992,1.7034500000000001,1.7098800000000003,,0,0
88,88,2021-12-16 03:32:00,1.694,1.695,1.693,1.693,617.34,2021-12-16 03:32:59.999,1.6976,1.7026999999999997,1.70934,,0,0
89,89,2021-12-16 03:33:00,1.694,1.696,1.693,1.696,3892.46,2021-12-16 03:33:59.999,1.6968,1.7023,1.70888,,0,0
90,90,2021-12-16 03:34:00,1.695,1.696,1.695,1.696,1846.73,2021-12-16 03:34:59.999,1.6960000000000002,1.7015,1.7085400000000002,,0,0
91,91,2021-12-16 03:35:00,1.696,1.697,1.695,1.695,1343.67,2021-12-16 03:35:59.999,1.6951999999999998,1.7009,1.7082,,0,0
92,92,2021-12-16 03:36:00,1.695,1.696,1.688,1.689,5627.66,2021-12-16 03:36:59.999,1.6938000000000002,1.69995,1.70766,,0,0
93,93,2021-12-16 03:37:00,1.688,1.688,1.681,1.687,3721.94,2021-12-16 03:37:59.999,1.6925999999999999,1.6991,1.7069999999999999,,0,0
94,94,2021-12-16 03:38:00,1.685,1.687,1.682,1.685,4242.83,2021-12-16 03:38:59.999,1.6904,1.698,1.70626,,0,0
95,95,2021-12-16 03:39:00,1.687,1.69,1.684,1.689,5561.65,2021-12-16 03:39:59.999,1.689,1.6973500000000001,1.7056599999999997,,0,0
96,96,2021-12-16 03:40:00,1.689,1.691,1.688,1.69,2142.52,2021-12-16 03:40:59.999,1.688,1.69635,1.7050200000000002,,0,0
97,97,2021-12-16 03:41:00,1.69,1.691,1.689,1.689,1207.73,2021-12-16 03:41:59.999,1.688,1.6961,1.7043199999999998,,0,0
98,98,2021-12-16 03:42:00,1.689,1.691,1.687,1.688,1442.14,2021-12-16 03:42:59.999,1.6881999999999997,1.6954,1.7036799999999999,,0,0
99,99,2021-12-16 03:43:00,1.69,1.69,1.687,1.688,918.33,2021-12-16 03:43:59.999,1.6888,1.6946,1.7031,1.70995,0,0
100,100,2021-12-16 03:44:00,1.687,1.687,1.681,1.686,3599.6,2021-12-16 03:44:59.999,1.6882000000000001,1.6937000000000002,1.70254,1.7094500000000001,0,0
101,101,2021-12-16 03:45:00,1.686,1.687,1.685,1.687,1872.49,2021-12-16 03:45:59.999,1.6875999999999998,1.69285,1.70196,1.7089400000000001,0,0
102,102,2021-12-16 03:46:00,1.687,1.688,1.687,1.688,645.72,2021-12-16 03:46:59.999,1.6873999999999998,1.6921000000000004,1.7013800000000001,1.70851,0,0
103,103,2021-12-16 03:47:00,1.688,1.695,1.688,1.695,1426.84,2021-12-16 03:47:59.999,1.6887999999999999,1.6918,1.7009800000000002,1.70817,0,0
104,104,2021-12-16 03:48:00,1.695,1.7,1.695,1.699,4322.59,2021-12-16 03:48:59.999,1.691,1.69175,1.70072,1.70796,0,0
105,105,2021-12-16 03:49:00,1.7,1.704,1.7,1.703,1940.03,2021-12-16 03:49:59.999,1.6944000000000004,1.6919,1.7004600000000003,1.7078099999999998,0,0
106,106,2021-12-16 03:50:00,1.703,1.704,1.7,1.704,4497.42,2021-12-16 03:50:59.999,1.6978000000000002,1.6921499999999998,1.70026,1.70767,0,0
107,107,2021-12-16 03:51:00,1.704,1.712,1.704,1.708,10452.57,2021-12-16 03:51:59.999,1.7018,1.6927500000000002,1.70018,1.70756,0,0
108,108,2021-12-16 03:52:00,1.708,1.708,1.708,1.708,0.0,2021-12-16 03:52:59.999,1.7044000000000001,1.6935000000000002,1.7001399999999998,1.70742,0,0
109,109,2021-12-16 03:53:00,1.711,1.715,1.709,1.715,3118.41,2021-12-16 03:53:59.999,1.7076,1.6944499999999998,1.70028,1.70736,0,0
110,110,2021-12-16 03:54:00,1.714,1.716,1.711,1.713,1627.35,2021-12-16 03:54:59.999,1.7096,1.6953,1.7004000000000001,1.7073099999999999,0,0
111,111,2021-12-16 03:55:00,1.713,1.713,1.708,1.711,987.16,2021-12-16 03:55:59.999,1.7109999999999999,1.6961,1.7006000000000001,1.70726,0,0
112,112,2021-12-16 03:56:00,1.711,1.711,1.71,1.711,4008.3,2021-12-16 03:56:59.999,1.7116,1.6972,1.7009200000000002,1.70719,0,0
113,113,2021-12-16 03:57:00,1.711,1.713,1.71,1.71,1912.72,2021-12-16 03:57:59.999,1.7120000000000002,1.69835,1.70088,1.70711,0,0
114,114,2021-12-16 03:58:00,1.71,1.711,1.71,1.71,2562.57,2021-12-16 03:58:59.999,1.7109999999999999,1.6995999999999998,1.7007400000000001,1.70709,0,0
115,115,2021-12-16 03:59:00,1.711,1.711,1.711,1.711,58.55,2021-12-16 03:59:59.999,1.7106000000000001,1.7007,1.7007000000000003,1.70704,0,0
116,116,2021-12-16 04:00:00,1.712,1.72,1.712,1.718,3921.1,2021-12-16 04:00:59.999,1.7120000000000002,1.7021000000000002,1.7008400000000001,1.7070600000000002,0,0
117,117,2021-12-16 04:01:00,1.719,1.724,1.718,1.724,6945.34,2021-12-16 04:01:59.999,1.7146000000000001,1.7038499999999999,1.7010999999999998,1.70715,0,0
118,118,2021-12-16 04:02:00,1.724,1.738,1.724,1.738,12270.59,2021-12-16 04:02:59.999,1.7202000000000002,1.70635,1.7016999999999998,1.70738,0,0
119,119,2021-12-16 04:03:00,1.738,1.747,1.738,1.746,12813.34,2021-12-16 04:03:59.999,1.7274,1.7092499999999997,1.7025400000000002,1.7077200000000001,0,0
120,120,2021-12-16 04:04:00,1.746,1.748,1.729,1.736,21266.06,2021-12-16 04:04:59.999,1.7324000000000002,1.7117499999999999,1.70302,1.7079300000000002,0,0
121,121,2021-12-16 04:05:00,1.736,1.736,1.727,1.732,4368.71,2021-12-16 04:05:59.999,1.7352,1.714,1.7035199999999997,1.7080899999999999,0,0
122,122,2021-12-16 04:06:00,1.732,1.739,1.73,1.734,3844.1,2021-12-16 04:06:59.999,1.7372,1.7162999999999997,1.70404,1.7083000000000002,0,0
123,123,2021-12-16 04:07:00,1.736,1.741,1.734,1.734,6807.04,2021-12-16 04:07:59.999,1.7364000000000002,1.71825,1.70464,1.70852,0,0
124,124,2021-12-16 04:08:00,1.736,1.74,1.735,1.737,1855.53,2021-12-16 04:08:59.999,1.7346,1.7201499999999998,1.70524,1.7087700000000001,0,0
125,125,2021-12-16 04:09:00,1.74,1.741,1.737,1.738,2539.02,2021-12-16 04:09:59.999,1.735,1.7219000000000002,1.7059600000000001,1.7090900000000002,0,0
126,126,2021-12-16 04:10:00,1.739,1.74,1.732,1.737,2837.5,2021-12-16 04:10:59.999,1.736,1.7235500000000001,1.7065000000000001,1.7094,0,0
127,127,2021-12-16 04:11:00,1.737,1.738,1.736,1.738,379.17,2021-12-16 04:11:59.999,1.7368000000000001,1.7250500000000002,1.70738,1.70969,0,0
128,128,2021-12-16 04:12:00,1.738,1.738,1.737,1.737,1123.55,2021-12-16 04:12:59.999,1.7374000000000003,1.7265000000000001,1.7080799999999998,1.7099699999999998,0,0
129,129,2021-12-16 04:13:00,1.735,1.747,1.734,1.746,9543.18,2021-12-16 04:13:59.999,1.7391999999999999,1.72805,1.7089200000000002,1.71038,0,0
130,130,2021-12-16 04:14:00,1.744,1.747,1.742,1.743,1911.42,2021-12-16 04:14:59.999,1.7402000000000002,1.7295500000000001,1.7097,1.71078,0,0
131,131,2021-12-16 04:15:00,1.742,1.742,1.736,1.737,3620.55,2021-12-16 04:15:59.999,1.7402000000000002,1.7308500000000002,1.71036,1.71112,0,0
132,132,2021-12-16 04:16:00,1.737,1.737,1.731,1.735,2497.88,2021-12-16 04:16:59.999,1.7396,1.7320499999999999,1.7109999999999999,1.71142,0,0
133,133,2021-12-16 04:17:00,1.731,1.731,1.719,1.728,4815.62,2021-12-16 04:17:59.999,1.7378,1.7329500000000002,1.71154,1.7114999999999998,0,0
134,134,2021-12-16 04:18:00,1.727,1.727,1.712,1.72,10250.94,2021-12-16 04:18:59.999,1.7326000000000001,1.7334500000000002,1.7119400000000002,1.7114699999999998,0,0
135,135,2021-12-16 04:19:00,1.723,1.736,1.723,1.729,5131.78,2021-12-16 04:19:59.999,1.7298000000000002,1.7343499999999998,1.71252,1.71161,0,0
136,136,2021-12-16 04:20:00,1.729,1.729,1.724,1.729,2702.76,2021-12-16 04:20:59.999,1.7282,1.7349,1.7131200000000002,1.71173,0,0
137,137,2021-12-16 04:21:00,1.729,1.743,1.728,1.735,7182.94,2021-12-16 04:21:59.999,1.7282,1.7354500000000002,1.7138999999999998,1.71189,0,0
138,138,2021-12-16 04:22:00,1.734,1.734,1.732,1.734,586.14,2021-12-16 04:22:59.999,1.7294,1.73525,1.7147199999999998,1.71203,0,0
139,139,2021-12-16 04:23:00,1.734,1.734,1.732,1.734,1662.94,2021-12-16 04:23:59.999,1.7322,1.7346500000000002,1.7154800000000001,1.7121799999999998,0,0
140,140,2021-12-16 04:24:00,1.733,1.735,1.733,1.735,409.62,2021-12-16 04:24:59.999,1.7334000000000003,1.7346,1.7162600000000001,1.7124000000000001,0,0
141,141,2021-12-16 04:25:00,1.733,1.734,1.722,1.723,2764.99,2021-12-16 04:25:59.999,1.7322,1.73415,1.7168200000000002,1.7125099999999998,0,0
142,142,2021-12-16 04:26:00,1.723,1.723,1.712,1.719,7990.71,2021-12-16 04:26:59.999,1.7289999999999999,1.7334,1.71742,1.7125400000000002,0,0
143,143,2021-12-16 04:27:00,1.718,1.718,1.703,1.709,7546.8,2021-12-16 04:27:59.999,1.7240000000000002,1.73215,1.71786,1.7124300000000003,0,0
144,144,2021-12-16 04:28:00,1.708,1.713,1.707,1.707,1646.58,2021-12-16 04:28:59.999,1.7186,1.73065,1.7183000000000002,1.71228,0,0
145,145,2021-12-16 04:29:00,1.707,1.707,1.707,1.707,212.62,2021-12-16 04:29:59.999,1.7130000000000003,1.7291,1.71866,1.7121600000000001,0,0
146,146,2021-12-16 04:30:00,1.708,1.71,1.707,1.709,513.15,2021-12-16 04:30:59.999,1.7102,1.7277,1.71904,1.71203,0,0
147,147,2021-12-16 04:31:00,1.708,1.709,1.708,1.709,69.1,2021-12-16 04:31:59.999,1.7082000000000002,1.7262499999999998,1.71944,1.71188,0,0
148,148,2021-12-16 04:32:00,1.711,1.736,1.711,1.728,14056.38,2021-12-16 04:32:59.999,1.7120000000000002,1.7258,1.72024,1.7119600000000004,0,0
149,149,2021-12-16 04:33:00,1.728,1.735,1.726,1.73,6700.41,2021-12-16 04:33:59.999,1.7166000000000001,1.725,1.72108,1.7120900000000001,0,0
150,150,2021-12-16 04:34:00,1.73,1.731,1.727,1.73,1339.74,2021-12-16 04:34:59.999,1.7212,1.72435,1.72196,1.71225,0,0
151,151,2021-12-16 04:35:00,1.731,1.733,1.726,1.732,3382.42,2021-12-16 04:35:59.999,1.7258000000000002,1.7241,1.72286,1.7124099999999998,0,0
152,152,2021-12-16 04:36:00,1.728,1.747,1.728,1.746,25901.54,2021-12-16 04:36:59.999,1.7332,1.72465,1.72402,1.7127000000000001,0,0
153,153,2021-12-16 04:37:00,1.746,1.746,1.729,1.74,21118.54,2021-12-16 04:37:59.999,1.7356000000000003,1.7252499999999997,1.72492,1.7129500000000002,0,0
154,154,2021-12-16 04:38:00,1.741,1.742,1.735,1.739,3686.02,2021-12-16 04:38:59.999,1.7373999999999998,1.7262,1.72572,1.71322,0,0
155,155,2021-12-16 04:39:00,1.741,1.742,1.734,1.735,1747.87,2021-12-16 04:39:59.999,1.7384,1.7265000000000001,1.72636,1.71341,0,0
156,156,2021-12-16 04:40:00,1.736,1.741,1.735,1.739,4855.39,2021-12-16 04:40:59.999,1.7398,1.7269999999999999,1.7270600000000003,1.7136600000000002,0,0
157,157,2021-12-16 04:41:00,1.738,1.739,1.736,1.739,598.19,2021-12-16 04:41:59.999,1.7384,1.7272000000000003,1.72768,1.71393,0,0
158,158,2021-12-16 04:42:00,1.739,1.746,1.738,1.743,4051.14,2021-12-16 04:42:59.999,1.739,1.72765,1.7283800000000002,1.7142600000000001,0,0
159,159,2021-12-16 04:43:00,1.746,1.749,1.745,1.749,4546.75,2021-12-16 04:43:59.999,1.741,1.7284,1.72906,1.7146700000000001,0,0
160,160,2021-12-16 04:44:00,1.747,1.751,1.739,1.739,4082.77,2021-12-16 04:44:59.999,1.7418000000000002,1.7286000000000001,1.72958,1.71499,0,0
161,161,2021-12-16 04:45:00,1.745,1.745,1.742,1.743,1030.53,2021-12-16 04:45:59.999,1.7426000000000001,1.7296,1.7302199999999999,1.7154099999999999,0,0
162,162,2021-12-16 04:46:00,1.742,1.747,1.742,1.747,1415.3,2021-12-16 04:46:59.999,1.7442,1.7309999999999999,1.73094,1.7159300000000002,0,0
163,163,2021-12-16 04:47:00,1.748,1.753,1.747,1.751,7030.47,2021-12-16 04:47:59.999,1.7457999999999998,1.7331000000000003,1.7317600000000002,1.71632,0,0
164,164,2021-12-16 04:48:00,1.753,1.76,1.752,1.754,3024.37,2021-12-16 04:48:59.999,1.7468,1.7354500000000002,1.7326399999999997,1.71669,0,0
165,165,2021-12-16 04:49:00,1.759,1.763,1.753,1.762,7971.96,2021-12-16 04:49:59.999,1.7513999999999998,1.7382000000000002,1.7336599999999998,1.7171800000000002,0,0
166,166,2021-12-16 04:50:00,1.759,1.762,1.754,1.754,9548.22,2021-12-16 04:50:59.999,1.7536,1.7404499999999998,1.7343799999999998,1.7176099999999999,0,0
167,167,2021-12-16 04:51:00,1.753,1.754,1.741,1.753,13554.88,2021-12-16 04:51:59.999,1.7548000000000001,1.74265,1.73496,1.7180300000000002,0,0
168,168,2021-12-16 04:52:00,1.754,1.754,1.734,1.748,8831.1,2021-12-16 04:52:59.999,1.7541999999999998,1.74365,1.7351600000000003,1.7184300000000001,0,0
169,169,2021-12-16 04:53:00,1.747,1.75,1.736,1.736,3030.43,2021-12-16 04:53:59.999,1.7506,1.7439500000000003,1.7349599999999998,1.71875,0,0
170,170,2021-12-16 04:54:00,1.739,1.739,1.739,1.739,235.4,2021-12-16 04:54:59.999,1.746,1.7444,1.73502,1.7190199999999998,0,0
171,171,2021-12-16 04:55:00,1.739,1.739,1.737,1.738,2626.77,2021-12-16 04:55:59.999,1.7428000000000001,1.7447,1.7351400000000001,1.71933,0,0
172,172,2021-12-16 04:56:00,1.739,1.74,1.737,1.737,1064.75,2021-12-16 04:56:59.999,1.7396,1.7442499999999999,1.7352,1.71962,0,0
173,173,2021-12-16 04:57:00,1.737,1.74,1.736,1.738,2390.64,2021-12-16 04:57:59.999,1.7376,1.74415,1.7352800000000002,1.7199599999999997,0,0
174,174,2021-12-16 04:58:00,1.738,1.738,1.722,1.722,2699.44,2021-12-16 04:58:59.999,1.7348,1.7433,1.7349800000000002,1.72011,0,0
175,175,2021-12-16 04:59:00,1.722,1.724,1.722,1.724,180.86,2021-12-16 04:59:59.999,1.7318000000000002,1.7427499999999998,1.7347,1.72033,0,0
176,176,2021-12-16 05:00:00,1.725,1.73,1.725,1.727,655.92,2021-12-16 05:00:59.999,1.7296,1.74215,1.7345,1.7205,0,0
177,177,2021-12-16 05:01:00,1.729,1.744,1.728,1.744,3411.52,2021-12-16 05:01:59.999,1.7309999999999999,1.7424,1.7346199999999998,1.7209999999999999,0,0
178,178,2021-12-16 05:02:00,1.744,1.747,1.741,1.745,554.69,2021-12-16 05:02:59.999,1.7324000000000002,1.7425000000000002,1.73478,1.72143,0,0
179,179,2021-12-16 05:03:00,1.745,1.75,1.745,1.75,2806.06,2021-12-16 05:03:59.999,1.738,1.74255,1.7348599999999998,1.72189,0,0
180,180,2021-12-16 05:04:00,1.751,1.753,1.748,1.749,3956.34,2021-12-16 05:04:59.999,1.7429999999999999,1.7430499999999998,1.73498,1.72234,0,0
181,181,2021-12-16 05:05:00,1.748,1.749,1.748,1.749,8927.42,2021-12-16 05:05:59.999,1.7474,1.7433500000000002,1.7352200000000002,1.72279,0,0
182,182,2021-12-16 05:06:00,1.749,1.759,1.749,1.75,2581.41,2021-12-16 05:06:59.999,1.7486000000000002,1.7435000000000003,1.7355200000000002,1.72326,0,0
183,183,2021-12-16 05:07:00,1.75,1.751,1.749,1.749,1435.26,2021-12-16 05:07:59.999,1.7494,1.7433999999999998,1.73594,1.7237400000000003,0,0
184,184,2021-12-16 05:08:00,1.749,1.749,1.748,1.748,570.0,2021-12-16 05:08:59.999,1.7489999999999999,1.7431,1.7365000000000002,1.7242199999999999,0,0
185,185,2021-12-16 05:09:00,1.749,1.76,1.749,1.759,4449.17,2021-12-16 05:09:59.999,1.7510000000000001,1.74295,1.7371,1.72481,0,0
186,186,2021-12-16 05:10:00,1.759,1.763,1.758,1.763,7678.63,2021-12-16 05:10:59.999,1.7538,1.7434,1.7377799999999999,1.72545,0,0
187,187,2021-12-16 05:11:00,1.763,1.765,1.763,1.765,6674.38,2021-12-16 05:11:59.999,1.7567999999999997,1.7440000000000002,1.73838,1.72614,0,0
188,188,2021-12-16 05:12:00,1.765,1.765,1.76,1.763,13355.02,2021-12-16 05:12:59.999,1.7596,1.7447500000000002,1.73896,1.7268400000000002,0,0
189,189,2021-12-16 05:13:00,1.762,1.763,1.761,1.762,3264.89,2021-12-16 05:13:59.999,1.7624,1.7460499999999999,1.73952,1.7275,0,0
190,190,2021-12-16 05:14:00,1.762,1.765,1.76,1.76,9657.33,2021-12-16 05:14:59.999,1.7626000000000002,1.7471,1.7400200000000001,1.7281400000000002,0,0
191,191,2021-12-16 05:15:00,1.762,1.764,1.761,1.762,934.34,2021-12-16 05:15:59.999,1.7624,1.7483,1.7408000000000001,1.72881,0,0
192,192,2021-12-16 05:16:00,1.759,1.762,1.75,1.753,6163.54,2021-12-16 05:16:59.999,1.7599999999999998,1.7490999999999999,1.7414800000000001,1.72945,0,0
193,193,2021-12-16 05:17:00,1.753,1.761,1.748,1.757,22010.19,2021-12-16 05:17:59.999,1.7587999999999997,1.7500499999999999,1.74244,1.7301499999999999,0,0
194,194,2021-12-16 05:18:00,1.757,1.762,1.757,1.762,3287.08,2021-12-16 05:18:59.999,1.7588000000000001,1.7520499999999999,1.7435399999999999,1.7309200000000002,0,0
195,195,2021-12-16 05:19:00,1.761,1.763,1.761,1.763,2053.94,2021-12-16 05:19:59.999,1.7594,1.7540000000000002,1.74466,1.73166,0,0
196,196,2021-12-16 05:20:00,1.762,1.766,1.762,1.763,3154.85,2021-12-16 05:20:59.999,1.7596,1.7558,1.7457399999999998,1.73239,0,0
197,197,2021-12-16 05:21:00,1.762,1.762,1.759,1.761,3052.29,2021-12-16 05:21:59.999,1.7611999999999999,1.7566499999999998,1.74678,1.7331100000000002,0,0
198,198,2021-12-16 05:22:00,1.761,1.763,1.759,1.762,1681.59,2021-12-16 05:22:59.999,1.7622,1.7574999999999998,1.74746,1.7338500000000001,0,0
199,199,2021-12-16 05:23:00,1.762,1.763,1.759,1.759,3222.12,2021-12-16 05:23:59.999,1.7616,1.75795,1.74804,1.7345599999999999,0,0
200,200,2021-12-16 05:24:00,1.76,1.762,1.76,1.761,266.4,2021-12-16 05:24:59.999,1.7611999999999999,1.75855,1.74866,1.7353099999999997,0,0
201,201,2021-12-16 05:25:00,1.761,1.763,1.757,1.76,5366.1,2021-12-16 05:25:59.999,1.7606000000000002,1.7590999999999997,1.74922,1.73604,0,0
202,202,2021-12-16 05:26:00,1.76,1.76,1.758,1.76,1295.91,2021-12-16 05:26:59.999,1.7604,1.7596,1.7494999999999998,1.7367599999999999,0,0
203,203,2021-12-16 05:27:00,1.76,1.765,1.759,1.765,4575.86,2021-12-16 05:27:59.999,1.761,1.7604,1.75,1.73746,0,0
204,204,2021-12-16 05:28:00,1.765,1.765,1.763,1.765,3526.47,2021-12-16 05:28:59.999,1.7622,1.7612499999999998,1.7505199999999999,1.73812,0,0
205,205,2021-12-16 05:29:00,1.763,1.764,1.758,1.764,3754.78,2021-12-16 05:29:59.999,1.7628,1.7614999999999998,1.7510999999999999,1.73873,0,0
206,206,2021-12-16 05:30:00,1.765,1.767,1.759,1.763,2221.57,2021-12-16 05:30:59.999,1.7634,1.7614999999999998,1.75158,1.7393200000000002,0,0
207,207,2021-12-16 05:31:00,1.763,1.765,1.763,1.765,2201.37,2021-12-16 05:31:59.999,1.7643999999999997,1.7614999999999998,1.7521,1.73989,0,0
208,208,2021-12-16 05:32:00,1.764,1.765,1.762,1.764,10682.98,2021-12-16 05:32:59.999,1.7642,1.7615500000000002,1.7525199999999999,1.74045,0,0
209,209,2021-12-16 05:33:00,1.762,1.764,1.762,1.763,381.69,2021-12-16 05:33:59.999,1.7637999999999998,1.7616,1.7528,1.7409299999999999,0,0
210,210,2021-12-16 05:34:00,1.763,1.763,1.757,1.761,922.18,2021-12-16 05:34:59.999,1.7632,1.7616500000000002,1.75324,1.7414100000000001,0,0
211,211,2021-12-16 05:35:00,1.761,1.762,1.761,1.761,418.97,2021-12-16 05:35:59.999,1.7628,1.7616,1.7536,1.74191,0,0
212,212,2021-12-16 05:36:00,1.763,1.765,1.763,1.765,4509.95,2021-12-16 05:36:59.999,1.7628,1.7622,1.7539600000000002,1.74245,0,0
213,213,2021-12-16 05:37:00,1.765,1.765,1.761,1.762,2295.52,2021-12-16 05:37:59.999,1.7624,1.76245,1.7541799999999999,1.74297,0,0
214,214,2021-12-16 05:38:00,1.764,1.764,1.763,1.763,3521.88,2021-12-16 05:38:59.999,1.7624,1.7625,1.7543600000000001,1.7435,0,0
215,215,2021-12-16 05:39:00,1.762,1.765,1.754,1.765,9314.81,2021-12-16 05:39:59.999,1.7631999999999999,1.7625999999999997,1.75442,1.7440400000000003,0,0
216,216,2021-12-16 05:40:00,1.765,1.765,1.763,1.765,6865.22,2021-12-16 05:40:59.999,1.764,1.7627,1.75464,1.74451,0,0
217,217,2021-12-16 05:41:00,1.763,1.765,1.763,1.765,1296.07,2021-12-16 05:41:59.999,1.764,1.7628999999999997,1.75488,1.7449199999999998,0,0
218,218,2021-12-16 05:42:00,1.765,1.765,1.763,1.764,729.78,2021-12-16 05:42:59.999,1.7643999999999997,1.7630000000000003,1.7551999999999999,1.74518,0,0
219,219,2021-12-16 05:43:00,1.765,1.77,1.764,1.767,6378.08,2021-12-16 05:43:59.999,1.7651999999999997,1.7634,1.7558200000000002,1.7453899999999998,0,0
220,220,2021-12-16 05:44:00,1.767,1.769,1.766,1.768,2076.8,2021-12-16 05:44:59.999,1.7658,1.76375,1.7564,1.7457099999999999,0,0
221,221,2021-12-16 05:45:00,1.767,1.774,1.767,1.774,8766.43,2021-12-16 05:45:59.999,1.7676000000000003,1.76445,1.7571199999999998,1.74613,0,0
222,222,2021-12-16 05:46:00,1.774,1.782,1.774,1.782,16245.81,2021-12-16 05:46:59.999,1.7710000000000001,1.7655499999999997,1.75802,1.74661,0,0
223,223,2021-12-16 05:47:00,1.781,1.79,1.78,1.786,17514.19,2021-12-16 05:47:59.999,1.7754,1.7666,1.75898,1.7471299999999998,0,0
224,224,2021-12-16 05:48:00,1.785,1.791,1.785,1.789,14791.17,2021-12-16 05:48:59.999,1.7797999999999998,1.7678,1.7603199999999999,1.74765,0,0
225,225,2021-12-16 05:49:00,1.789,1.791,1.783,1.789,6521.85,2021-12-16 05:49:59.999,1.784,1.76905,1.7616199999999997,1.74816,0,0
226,226,2021-12-16 05:50:00,1.788,1.791,1.785,1.79,6372.77,2021-12-16 05:50:59.999,1.7872,1.7704,1.76288,1.74869,0,0
227,227,2021-12-16 05:51:00,1.79,1.799,1.79,1.799,8305.99,2021-12-16 05:51:59.999,1.7906,1.7721,1.7639799999999999,1.7493,0,0
228,228,2021-12-16 05:52:00,1.799,1.807,1.798,1.806,19589.51,2021-12-16 05:52:59.999,1.7946000000000002,1.7741999999999998,1.7652,1.74999,0,0
229,229,2021-12-16 05:53:00,1.806,1.807,1.8,1.8,6007.67,2021-12-16 05:53:59.999,1.7968,1.7760500000000001,1.7662,1.75053,0,0
230,230,2021-12-16 05:54:00,1.8,1.802,1.799,1.799,3920.37,2021-12-16 05:54:59.999,1.7988,1.77795,1.7671999999999999,1.75109,0,0
231,231,2021-12-16 05:55:00,1.799,1.812,1.799,1.806,8031.98,2021-12-16 05:55:59.999,1.802,1.7802,1.76834,1.75178,0,0
232,232,2021-12-16 05:56:00,1.807,1.818,1.806,1.807,17378.76,2021-12-16 05:56:59.999,1.8036,1.7823,1.7694799999999997,1.7525,0,0
233,233,2021-12-16 05:57:00,1.807,1.811,1.807,1.811,2812.28,2021-12-16 05:57:59.999,1.8046,1.78475,1.77072,1.75333,0,0
234,234,2021-12-16 05:58:00,1.811,1.811,1.8,1.8,5668.43,2021-12-16 05:58:59.999,1.8046,1.7866,1.7717599999999998,1.7541300000000002,0,0
235,235,2021-12-16 05:59:00,1.802,1.805,1.8,1.805,1476.18,2021-12-16 05:59:59.999,1.8058,1.7886,1.77268,1.75489,0,0
236,236,2021-12-16 06:00:00,1.804,1.805,1.8,1.803,1658.51,2021-12-16 06:00:59.999,1.8052,1.7905000000000002,1.7734800000000002,1.7556299999999998,0,0
237,237,2021-12-16 06:01:00,1.801,1.803,1.79,1.792,9135.13,2021-12-16 06:01:59.999,1.8021999999999998,1.7918499999999997,1.7740200000000002,1.7562,0,0
238,238,2021-12-16 06:02:00,1.79,1.791,1.79,1.79,18468.16,2021-12-16 06:02:59.999,1.798,1.79315,1.77456,1.7567599999999999,0,0
239,239,2021-12-16 06:03:00,1.79,1.791,1.79,1.791,3296.22,2021-12-16 06:03:59.999,1.7962,1.7943500000000001,1.7751400000000002,1.75733,0,0
240,240,2021-12-16 06:04:00,1.79,1.794,1.79,1.793,2117.31,2021-12-16 06:04:59.999,1.7937999999999998,1.7955999999999999,1.7757999999999998,1.7579099999999999,0,0
241,241,2021-12-16 06:05:00,1.791,1.793,1.79,1.791,7119.33,2021-12-16 06:05:59.999,1.7914,1.79645,1.7763799999999998,1.75859,0,0
242,242,2021-12-16 06:06:00,1.791,1.792,1.771,1.773,21167.72,2021-12-16 06:06:59.999,1.7876,1.796,1.77678,1.7591299999999999,0,0
243,243,2021-12-16 06:07:00,1.775,1.779,1.774,1.776,7723.58,2021-12-16 06:07:59.999,1.7848,1.7955,1.77716,1.7597999999999998,0,0
244,244,2021-12-16 06:08:00,1.774,1.776,1.769,1.771,4423.17,2021-12-16 06:08:59.999,1.7808,1.7945999999999998,1.7773400000000001,1.7604399999999998,0,0
245,245,2021-12-16 06:09:00,1.772,1.776,1.768,1.772,3458.08,2021-12-16 06:09:59.999,1.7765999999999997,1.79375,1.7775199999999998,1.76109,0,0
246,246,2021-12-16 06:10:00,1.772,1.776,1.771,1.775,559.76,2021-12-16 06:10:59.999,1.7734,1.793,1.77776,1.76175,0,0
247,247,2021-12-16 06:11:00,1.775,1.776,1.774,1.774,1164.82,2021-12-16 06:11:59.999,1.7736,1.79175,1.77802,1.7623999999999997,0,0
248,248,2021-12-16 06:12:00,1.773,1.776,1.77,1.77,6778.9,2021-12-16 06:12:59.999,1.7724,1.78995,1.7781799999999999,1.7628199999999998,0,0
249,249,2021-12-16 06:13:00,1.771,1.771,1.767,1.767,6216.03,2021-12-16 06:13:59.999,1.7716,1.7883,1.7783399999999998,1.7631899999999998,0,0
250,250,2021-12-16 06:14:00,1.768,1.77,1.767,1.77,746.43,2021-12-16 06:14:59.999,1.7711999999999999,1.7868499999999998,1.77852,1.76359,0,0
251,251,2021-12-16 06:15:00,1.768,1.769,1.767,1.767,1280.38,2021-12-16 06:15:59.999,1.7695999999999998,1.7849,1.77866,1.76394,0,0
252,252,2021-12-16 06:16:00,1.767,1.767,1.753,1.757,8627.08,2021-12-16 06:16:59.999,1.7662,1.7823999999999998,1.7786000000000002,1.7640500000000001,0,0
253,253,2021-12-16 06:17:00,1.757,1.757,1.75,1.753,5334.58,2021-12-16 06:17:59.999,1.7628,1.7794999999999999,1.7783600000000002,1.7641799999999999,0,0
254,254,2021-12-16 06:18:00,1.753,1.753,1.748,1.748,6519.93,2021-12-16 06:18:59.999,1.759,1.7769000000000001,1.77802,1.7642700000000002,0,0
255,255,2021-12-16 06:19:00,1.748,1.75,1.748,1.749,3332.09,2021-12-16 06:19:59.999,1.7548000000000001,1.7741,1.7777200000000002,1.76441,0,0
256,256,2021-12-16 06:20:00,1.748,1.75,1.748,1.749,3208.41,2021-12-16 06:20:59.999,1.7512,1.7713999999999999,1.77744,1.76451,0,0
257,257,2021-12-16 06:21:00,1.75,1.75,1.741,1.744,10524.27,2021-12-16 06:21:59.999,1.7486000000000002,1.7690000000000001,1.77702,1.76456,0,0
258,258,2021-12-16 06:22:00,1.744,1.745,1.74,1.743,5228.76,2021-12-16 06:22:59.999,1.7466000000000002,1.7666499999999998,1.7766,1.76456,0,0
259,259,2021-12-16 06:23:00,1.743,1.743,1.742,1.743,1211.53,2021-12-16 06:23:59.999,1.7456,1.7642499999999999,1.7762,1.7645,0,0
260,260,2021-12-16 06:24:00,1.742,1.751,1.742,1.75,6044.9,2021-12-16 06:24:59.999,1.7458000000000002,1.7620999999999998,1.7759800000000001,1.7646099999999998,0,0
261,261,2021-12-16 06:25:00,1.749,1.761,1.749,1.75,23666.38,2021-12-16 06:25:59.999,1.746,1.7600499999999997,1.77576,1.7646799999999998,0,0
262,262,2021-12-16 06:26:00,1.75,1.754,1.748,1.752,2283.33,2021-12-16 06:26:59.999,1.7475999999999998,1.759,1.7754999999999999,1.76473,0,0
263,263,2021-12-16 06:27:00,1.752,1.752,1.749,1.75,4233.81,2021-12-16 06:27:59.999,1.7489999999999999,1.7576999999999998,1.77526,1.76472,0,0
264,264,2021-12-16 06:28:00,1.748,1.752,1.744,1.752,4280.38,2021-12-16 06:28:59.999,1.7508,1.7567500000000003,1.77504,1.7647,0,0
265,265,2021-12-16 06:29:00,1.749,1.757,1.747,1.757,4534.53,2021-12-16 06:29:59.999,1.7521999999999998,1.7559999999999998,1.77488,1.76465,0,0
266,266,2021-12-16 06:30:00,1.757,1.758,1.751,1.753,6545.48,2021-12-16 06:30:59.999,1.7528,1.7549,1.77464,1.76464,0,0
267,267,2021-12-16 06:31:00,1.754,1.754,1.745,1.746,3516.06,2021-12-16 06:31:59.999,1.7515999999999998,1.7535,1.77426,1.76457,0,0
268,268,2021-12-16 06:32:00,1.744,1.747,1.742,1.742,3579.14,2021-12-16 06:32:59.999,1.75,1.7521,1.77382,1.76451,0,0
269,269,2021-12-16 06:33:00,1.743,1.743,1.721,1.728,20129.84,2021-12-16 06:33:59.999,1.7451999999999999,1.75015,1.7730399999999997,1.7644300000000002,0,0
270,270,2021-12-16 06:34:00,1.723,1.73,1.72,1.722,13183.63,2021-12-16 06:34:59.999,1.7382000000000002,1.7477500000000004,1.77212,1.76426,0,0
271,271,2021-12-16 06:35:00,1.725,1.727,1.722,1.725,12912.28,2021-12-16 06:35:59.999,1.7326000000000001,1.74565,1.77114,1.7641300000000002,0,0
272,272,2021-12-16 06:36:00,1.725,1.727,1.724,1.724,2694.03,2021-12-16 06:36:59.999,1.7282,1.7440000000000002,1.7699799999999999,1.764,0,0
273,273,2021-12-16 06:37:00,1.724,1.725,1.723,1.725,2265.56,2021-12-16 06:37:59.999,1.7248,1.7426000000000001,1.7687599999999997,1.76387,0,0
274,274,2021-12-16 06:38:00,1.724,1.725,1.723,1.723,2742.18,2021-12-16 06:38:59.999,1.7238,1.74135,1.76744,1.7638800000000001,0,0
275,275,2021-12-16 06:39:00,1.726,1.73,1.725,1.73,2006.13,2021-12-16 06:39:59.999,1.7254,1.7404,1.76626,1.76394,0,0
276,276,2021-12-16 06:40:00,1.727,1.727,1.721,1.725,3334.72,2021-12-16 06:40:59.999,1.7254,1.7391999999999999,1.76496,1.76392,0,0
277,277,2021-12-16 06:41:00,1.723,1.723,1.72,1.721,4100.37,2021-12-16 06:41:59.999,1.7248,1.73805,1.7634,1.76369,0,0
278,278,2021-12-16 06:42:00,1.722,1.724,1.717,1.718,13442.32,2021-12-16 06:42:59.999,1.7234000000000003,1.7368,1.7616399999999999,1.7634200000000002,0,0
279,279,2021-12-16 06:43:00,1.716,1.716,1.706,1.708,14556.09,2021-12-16 06:43:59.999,1.7204000000000002,1.73505,1.7597999999999998,1.7630000000000001,0,0
280,280,2021-12-16 06:44:00,1.709,1.711,1.708,1.71,1045.19,2021-12-16 06:44:59.999,1.7164000000000001,1.73305,1.7580200000000001,1.76261,0,0
281,281,2021-12-16 06:45:00,1.71,1.717,1.71,1.712,2203.68,2021-12-16 06:45:59.999,1.7138000000000002,1.7311500000000002,1.7561399999999998,1.7622400000000003,0,0
282,282,2021-12-16 06:46:00,1.713,1.716,1.71,1.713,5760.38,2021-12-16 06:46:59.999,1.7122,1.7292,1.7542600000000002,1.76187,0,0
283,283,2021-12-16 06:47:00,1.713,1.713,1.708,1.708,4668.13,2021-12-16 06:47:59.999,1.7102,1.7271,1.7522,1.7614599999999998,0,0
284,284,2021-12-16 06:48:00,1.708,1.709,1.705,1.705,2442.84,2021-12-16 06:48:59.999,1.7096,1.7247499999999998,1.7503,1.76103,0,0
285,285,2021-12-16 06:49:00,1.704,1.706,1.703,1.705,2451.52,2021-12-16 06:49:59.999,1.7086,1.7221499999999998,1.7482999999999997,1.76049,0,0
286,286,2021-12-16 06:50:00,1.707,1.73,1.705,1.727,11765.68,2021-12-16 06:50:59.999,1.7116,1.72085,1.74678,1.76013,0,0
287,287,2021-12-16 06:51:00,1.727,1.734,1.725,1.734,7151.26,2021-12-16 06:51:59.999,1.7158000000000002,1.72025,1.7456199999999997,1.75982,0,0
288,288,2021-12-16 06:52:00,1.731,1.738,1.73,1.735,6449.15,2021-12-16 06:52:59.999,1.7212,1.7199000000000002,1.74452,1.7595399999999999,0,0
289,289,2021-12-16 06:53:00,1.734,1.738,1.734,1.738,4777.53,2021-12-16 06:53:59.999,1.7277999999999998,1.7204000000000002,1.74346,1.7593,0,0
290,290,2021-12-16 06:54:00,1.738,1.741,1.734,1.741,6329.55,2021-12-16 06:54:59.999,1.735,1.72135,1.7424199999999999,1.75911,0,0
291,291,2021-12-16 06:55:00,1.739,1.749,1.739,1.743,4710.26,2021-12-16 06:55:59.999,1.7382000000000002,1.7222500000000003,1.7414600000000002,1.75892,0,0
292,292,2021-12-16 06:56:00,1.743,1.743,1.74,1.74,1783.0,2021-12-16 06:56:59.999,1.7393999999999998,1.72305,1.7408,1.7587900000000003,0,0
293,293,2021-12-16 06:57:00,1.739,1.742,1.739,1.74,910.06,2021-12-16 06:57:59.999,1.7404,1.7238,1.7400799999999998,1.7586199999999999,0,0
294,294,2021-12-16 06:58:00,1.739,1.739,1.735,1.736,2754.8,2021-12-16 06:58:59.999,1.7399999999999998,1.7244499999999998,1.73938,1.7583600000000001,0,0
295,295,2021-12-16 06:59:00,1.738,1.75,1.734,1.747,6375.85,2021-12-16 06:59:59.999,1.7412000000000003,1.7253,1.73888,1.7582,0,0
296,296,2021-12-16 07:00:00,1.75,1.757,1.747,1.751,2411.47,2021-12-16 07:00:59.999,1.7428000000000001,1.7266000000000001,1.7384,1.7580799999999999,0,0
297,297,2021-12-16 07:01:00,1.752,1.76,1.751,1.755,2041.71,2021-12-16 07:01:59.999,1.7457999999999998,1.7282999999999997,1.73802,1.75802,0,0
298,298,2021-12-16 07:02:00,1.758,1.758,1.753,1.754,426.82,2021-12-16 07:02:59.999,1.7486000000000002,1.7301000000000002,1.7377,1.7579399999999998,0,0
299,299,2021-12-16 07:03:00,1.753,1.754,1.747,1.754,1440.56,2021-12-16 07:03:59.999,1.7521999999999998,1.7324000000000002,1.73744,1.7578900000000002,0,0
300,300,2021-12-16 07:04:00,1.748,1.751,1.747,1.749,1646.4,2021-12-16 07:04:59.999,1.7526,1.7343500000000003,1.73702,1.75777,0,0
301,301,2021-12-16 07:05:00,1.749,1.751,1.746,1.746,1639.28,2021-12-16 07:05:59.999,1.7515999999999998,1.7360499999999999,1.7366,1.75763,0,0
302,302,2021-12-16 07:06:00,1.746,1.748,1.738,1.742,6027.37,2021-12-16 07:06:59.999,1.7489999999999999,1.7375,1.7363,1.75745,0,0
303,303,2021-12-16 07:07:00,1.741,1.741,1.727,1.736,10294.52,2021-12-16 07:07:59.999,1.7454,1.7389,1.73596,1.7571599999999998,0,0
304,304,2021-12-16 07:08:00,1.734,1.735,1.733,1.735,733.22,2021-12-16 07:08:59.999,1.7416,1.7404,1.7357000000000002,1.75686,0,0
305,305,2021-12-16 07:09:00,1.735,1.749,1.734,1.745,8518.06,2021-12-16 07:09:59.999,1.7408000000000001,1.7424000000000004,1.73562,1.75667,0,0
306,306,2021-12-16 07:10:00,1.745,1.749,1.741,1.741,3349.87,2021-12-16 07:10:59.999,1.7398,1.7431,1.73546,1.7564499999999998,0,0
307,307,2021-12-16 07:11:00,1.74,1.741,1.738,1.738,1869.08,2021-12-16 07:11:59.999,1.739,1.7433,1.7353399999999999,1.7561799999999999,0,0
308,308,2021-12-16 07:12:00,1.739,1.741,1.738,1.741,4898.75,2021-12-16 07:12:59.999,1.7400000000000002,1.7436,1.7353,1.75595,0,0
309,309,2021-12-16 07:13:00,1.74,1.74,1.73,1.732,5343.93,2021-12-16 07:13:59.999,1.7393999999999998,1.7433,1.7350799999999997,1.7556400000000003,0,0
310,310,2021-12-16 07:14:00,1.731,1.731,1.728,1.728,479.64,2021-12-16 07:14:59.999,1.736,1.74265,1.73464,1.7553099999999997,0,0
311,311,2021-12-16 07:15:00,1.73,1.732,1.72,1.72,4308.48,2021-12-16 07:15:59.999,1.7318000000000002,1.7414999999999998,1.73404,1.7549,0,0
312,312,2021-12-16 07:16:00,1.721,1.721,1.713,1.714,2635.02,2021-12-16 07:16:59.999,1.7269999999999999,1.7402000000000002,1.73328,1.7543900000000001,0,0
313,313,2021-12-16 07:17:00,1.714,1.719,1.711,1.719,4453.84,2021-12-16 07:17:59.999,1.7226,1.73915,1.7326599999999999,1.7539600000000002,0,0
314,314,2021-12-16 07:18:00,1.718,1.719,1.717,1.717,1936.15,2021-12-16 07:18:59.999,1.7196000000000002,1.7382000000000002,1.7319600000000002,1.7534999999999998,0,0
315,315,2021-12-16 07:19:00,1.717,1.719,1.716,1.718,2175.68,2021-12-16 07:19:59.999,1.7176000000000002,1.7367500000000002,1.73118,1.7530299999999999,0,0
316,316,2021-12-16 07:20:00,1.718,1.724,1.718,1.724,5638.62,2021-12-16 07:20:59.999,1.7183999999999997,1.7353999999999998,1.7306,1.75262,0,0
317,317,2021-12-16 07:21:00,1.724,1.726,1.718,1.718,1957.88,2021-12-16 07:21:59.999,1.7192,1.7335500000000004,1.7300400000000002,1.75215,0,0
318,318,2021-12-16 07:22:00,1.718,1.73,1.718,1.728,4826.14,2021-12-16 07:22:59.999,1.721,1.7322499999999998,1.72976,1.75179,0,0
319,319,2021-12-16 07:23:00,1.726,1.726,1.718,1.725,8073.84,2021-12-16 07:23:59.999,1.7226,1.7308,1.7297000000000002,1.75137,0,0
320,320,2021-12-16 07:24:00,1.724,1.728,1.72,1.72,2166.77,2021-12-16 07:24:59.999,1.723,1.7293499999999997,1.72966,1.75089,0,0
321,321,2021-12-16 07:25:00,1.723,1.734,1.721,1.73,6598.59,2021-12-16 07:25:59.999,1.7242000000000002,1.7285500000000003,1.72976,1.75045,0,0
322,322,2021-12-16 07:26:00,1.733,1.74,1.732,1.732,2570.34,2021-12-16 07:26:59.999,1.7269999999999999,1.72805,1.72992,1.7499500000000001,0,0
323,323,2021-12-16 07:27:00,1.733,1.734,1.732,1.734,361.91,2021-12-16 07:27:59.999,1.7282,1.7279500000000003,1.7301000000000002,1.7494299999999998,0,0
324,324,2021-12-16 07:28:00,1.733,1.734,1.732,1.732,1015.57,2021-12-16 07:28:59.999,1.7296,1.7278000000000002,1.7302800000000003,1.7488599999999999,0,0
325,325,2021-12-16 07:29:00,1.732,1.735,1.726,1.729,6943.8,2021-12-16 07:29:59.999,1.7314,1.7269999999999999,1.7302600000000001,1.74826,0,0
326,326,2021-12-16 07:30:00,1.729,1.731,1.725,1.728,4295.24,2021-12-16 07:30:59.999,1.7309999999999999,1.72635,1.7303199999999999,1.74764,0,0
327,327,2021-12-16 07:31:00,1.728,1.739,1.728,1.735,3667.55,2021-12-16 07:31:59.999,1.7316000000000003,1.7262,1.7306,1.7469999999999999,0,0
328,328,2021-12-16 07:32:00,1.738,1.749,1.737,1.741,7546.84,2021-12-16 07:32:59.999,1.733,1.7262,1.73106,1.7463500000000003,0,0
329,329,2021-12-16 07:33:00,1.741,1.746,1.741,1.741,3089.27,2021-12-16 07:33:59.999,1.7348,1.72665,1.73172,1.74576,0,0
330,330,2021-12-16 07:34:00,1.741,1.742,1.74,1.742,1654.64,2021-12-16 07:34:59.999,1.7374000000000003,1.72735,1.73236,1.74519,0,0
331,331,2021-12-16 07:35:00,1.742,1.745,1.742,1.742,883.36,2021-12-16 07:35:59.999,1.7402000000000002,1.72845,1.7329600000000003,1.74455,0,0
332,332,2021-12-16 07:36:00,1.742,1.744,1.74,1.74,1407.68,2021-12-16 07:36:59.999,1.7411999999999999,1.72975,1.7335,1.74388,0,0
333,333,2021-12-16 07:37:00,1.74,1.745,1.74,1.744,975.96,2021-12-16 07:37:59.999,1.7418,1.7309999999999999,1.7342199999999999,1.7432100000000004,0,0
334,334,2021-12-16 07:38:00,1.745,1.747,1.738,1.744,4276.66,2021-12-16 07:38:59.999,1.7424,1.7323499999999998,1.735,1.7426500000000003,0,0
335,335,2021-12-16 07:39:00,1.744,1.744,1.739,1.74,1111.15,2021-12-16 07:39:59.999,1.7420000000000002,1.73345,1.7357,1.742,0,0
336,336,2021-12-16 07:40:00,1.74,1.74,1.739,1.74,5807.13,2021-12-16 07:40:59.999,1.7416,1.73425,1.73596,1.74137,0,0
337,337,2021-12-16 07:41:00,1.74,1.744,1.739,1.743,3292.39,2021-12-16 07:41:59.999,1.7422,1.7354999999999996,1.73614,1.74088,0,0
338,338,2021-12-16 07:42:00,1.743,1.79,1.739,1.762,37644.36,2021-12-16 07:42:59.999,1.7457999999999998,1.7372,1.73668,1.7406,0,0
339,339,2021-12-16 07:43:00,1.761,1.772,1.754,1.765,6197.33,2021-12-16 07:43:59.999,1.75,1.7391999999999999,1.73722,1.7403400000000002,0,0
340,340,2021-12-16 07:44:00,1.766,1.78,1.766,1.78,10196.27,2021-12-16 07:44:59.999,1.7579999999999998,1.7422,1.7380000000000002,1.7402100000000003,0,0
341,341,2021-12-16 07:45:00,1.78,1.784,1.769,1.778,12952.63,2021-12-16 07:45:59.999,1.7655999999999998,1.7445999999999997,1.7387000000000001,1.74008,0,0
342,342,2021-12-16 07:46:00,1.779,1.779,1.757,1.759,6913.35,2021-12-16 07:46:59.999,1.7688,1.74595,1.7390800000000002,1.73994,0,0
343,343,2021-12-16 07:47:00,1.76,1.787,1.76,1.779,13535.12,2021-12-16 07:47:59.999,1.7722000000000002,1.7482,1.7398600000000002,1.7399699999999998,0,0
344,344,2021-12-16 07:48:00,1.779,1.788,1.779,1.783,1844.97,2021-12-16 07:48:59.999,1.7757999999999998,1.75075,1.7408000000000001,1.7400900000000001,0,0
345,345,2021-12-16 07:49:00,1.784,1.784,1.768,1.769,8501.34,2021-12-16 07:49:59.999,1.7736,1.75275,1.74124,1.74006,0,0
346,346,2021-12-16 07:50:00,1.771,1.772,1.765,1.765,2564.79,2021-12-16 07:50:59.999,1.7709999999999997,1.7546,1.74152,1.7399600000000002,0,0
347,347,2021-12-16 07:51:00,1.767,1.767,1.758,1.758,4290.61,2021-12-16 07:51:59.999,1.7708,1.7557499999999997,1.7415800000000001,1.7398000000000002,0,0
348,348,2021-12-16 07:52:00,1.758,1.758,1.739,1.75,24388.91,2021-12-16 07:52:59.999,1.765,1.7561999999999998,1.7415,1.7396,0,0
349,349,2021-12-16 07:53:00,1.751,1.766,1.747,1.761,7639.31,2021-12-16 07:53:59.999,1.7606000000000002,1.7571999999999999,1.74164,1.73954,0,0
350,350,2021-12-16 07:54:00,1.761,1.772,1.761,1.763,7255.48,2021-12-16 07:54:59.999,1.7594,1.7582499999999999,1.7419200000000001,1.73947,0,0
351,351,2021-12-16 07:55:00,1.764,1.764,1.75,1.757,3838.97,2021-12-16 07:55:59.999,1.7578,1.759,1.74214,1.73937,0,0
352,352,2021-12-16 07:56:00,1.757,1.758,1.754,1.755,744.97,2021-12-16 07:56:59.999,1.7571999999999999,1.75975,1.7424000000000002,1.73935,0,0
353,353,2021-12-16 07:57:00,1.754,1.755,1.752,1.754,1357.25,2021-12-16 07:57:59.999,1.7579999999999998,1.7602499999999999,1.7427599999999999,1.73936,0,0
354,354,2021-12-16 07:58:00,1.753,1.755,1.748,1.752,8631.87,2021-12-16 07:58:59.999,1.7562000000000002,1.76065,1.7431,1.7394,0,0
355,355,2021-12-16 07:59:00,1.751,1.755,1.751,1.751,3135.79,2021-12-16 07:59:59.999,1.7538,1.7611999999999999,1.74322,1.73942,0,0
356,356,2021-12-16 08:00:00,1.751,1.753,1.745,1.75,4317.38,2021-12-16 08:00:59.999,1.7524000000000002,1.7616999999999998,1.7434,1.73943,0,0
357,357,2021-12-16 08:01:00,1.749,1.753,1.749,1.753,3727.33,2021-12-16 08:01:59.999,1.752,1.7622,1.7437,1.73952,0,0
358,358,2021-12-16 08:02:00,1.752,1.752,1.747,1.749,4140.37,2021-12-16 08:02:59.999,1.751,1.7615500000000002,1.7438600000000002,1.73958,0,0
359,359,2021-12-16 08:03:00,1.749,1.753,1.746,1.753,2359.4,2021-12-16 08:03:59.999,1.7512,1.76095,1.74428,1.7396800000000001,0,0
360,360,2021-12-16 08:04:00,1.753,1.77,1.753,1.766,3718.26,2021-12-16 08:04:59.999,1.7541999999999998,1.7602499999999999,1.74504,1.73984,0,0
361,361,2021-12-16 08:05:00,1.763,1.765,1.761,1.765,1533.87,2021-12-16 08:05:59.999,1.7571999999999999,1.7596,1.74594,1.7399900000000001,0,0
362,362,2021-12-16 08:06:00,1.764,1.766,1.762,1.766,761.03,2021-12-16 08:06:59.999,1.7597999999999998,1.75995,1.74698,1.74013,0,0
363,363,2021-12-16 08:07:00,1.766,1.768,1.765,1.765,19502.33,2021-12-16 08:07:59.999,1.763,1.7592499999999998,1.7479000000000002,1.7402799999999998,0,0
364,364,2021-12-16 08:08:00,1.765,1.777,1.765,1.77,8353.13,2021-12-16 08:08:59.999,1.7663999999999997,1.7586,1.7489599999999998,1.74046,0,0
365,365,2021-12-16 08:09:00,1.77,1.777,1.766,1.771,15986.87,2021-12-16 08:09:59.999,1.7673999999999999,1.7587,1.7500200000000001,1.7405999999999997,0,0
366,366,2021-12-16 08:10:00,1.771,1.773,1.771,1.771,317.2,2021-12-16 08:10:59.999,1.7686,1.759,1.75096,1.74078,0,0
367,367,2021-12-16 08:11:00,1.772,1.773,1.765,1.77,6836.86,2021-12-16 08:11:59.999,1.7693999999999999,1.7596,1.7519999999999998,1.74102,0,0
368,368,2021-12-16 08:12:00,1.769,1.771,1.767,1.771,8767.24,2021-12-16 08:12:59.999,1.7706,1.76065,1.75286,1.74131,0,0
369,369,2021-12-16 08:13:00,1.771,1.773,1.767,1.77,2595.58,2021-12-16 08:13:59.999,1.7706,1.7611,1.7537599999999998,1.74173,0,0
370,370,2021-12-16 08:14:00,1.77,1.771,1.767,1.769,1070.25,2021-12-16 08:14:59.999,1.7701999999999998,1.7614,1.75474,1.7422,0,0
371,371,2021-12-16 08:15:00,1.769,1.778,1.765,1.765,10694.03,2021-12-16 08:15:59.999,1.7689999999999997,1.7618000000000003,1.7554400000000001,1.7426,0,0
372,372,2021-12-16 08:16:00,1.768,1.773,1.765,1.767,7470.85,2021-12-16 08:16:59.999,1.7684000000000002,1.7624,1.75614,1.74303,0,0
373,373,2021-12-16 08:17:00,1.77,1.77,1.765,1.769,1823.95,2021-12-16 08:17:59.999,1.768,1.7631500000000002,1.75684,1.74347,0,0
374,374,2021-12-16 08:18:00,1.769,1.769,1.766,1.767,1923.06,2021-12-16 08:18:59.999,1.7673999999999999,1.7639,1.7575399999999999,1.7439099999999998,0,0
375,375,2021-12-16 08:19:00,1.767,1.767,1.765,1.767,7710.47,2021-12-16 08:19:59.999,1.767,1.7647000000000002,1.7582999999999998,1.74428,0,0
376,376,2021-12-16 08:20:00,1.767,1.775,1.766,1.767,3530.56,2021-12-16 08:20:59.999,1.7673999999999999,1.76555,1.7590800000000002,1.7447,0,0
377,377,2021-12-16 08:21:00,1.77,1.779,1.77,1.772,5136.01,2021-12-16 08:21:59.999,1.7684000000000002,1.7665,1.75982,1.7452100000000002,0,0
378,378,2021-12-16 08:22:00,1.772,1.772,1.747,1.766,36204.74,2021-12-16 08:22:59.999,1.7678,1.76735,1.76032,1.74569,0,0
379,379,2021-12-16 08:23:00,1.765,1.766,1.759,1.765,1735.84,2021-12-16 08:23:59.999,1.7673999999999999,1.7679500000000001,1.7608000000000001,1.7462599999999997,0,0
380,380,2021-12-16 08:24:00,1.761,1.765,1.761,1.764,1234.88,2021-12-16 08:24:59.999,1.7668,1.76785,1.76124,1.7468000000000001,0,0
381,381,2021-12-16 08:25:00,1.764,1.769,1.756,1.766,9085.74,2021-12-16 08:25:59.999,1.7666,1.7678999999999998,1.76172,1.74734,0,0
382,382,2021-12-16 08:26:00,1.766,1.769,1.763,1.767,2140.37,2021-12-16 08:26:59.999,1.7655999999999998,1.7679500000000001,1.76226,1.7478799999999999,0,0
383,383,2021-12-16 08:27:00,1.766,1.766,1.763,1.763,595.55,2021-12-16 08:27:59.999,1.765,1.76785,1.7626400000000002,1.74843,0,0
384,384,2021-12-16 08:28:00,1.765,1.769,1.765,1.766,3191.12,2021-12-16 08:28:59.999,1.7651999999999997,1.7676499999999997,1.76308,1.74904,0,0
385,385,2021-12-16 08:29:00,1.767,1.768,1.76,1.766,1823.47,2021-12-16 08:29:59.999,1.7655999999999998,1.7673999999999999,1.7635999999999998,1.74965,0,0
386,386,2021-12-16 08:30:00,1.765,1.765,1.762,1.762,6822.97,2021-12-16 08:30:59.999,1.7648,1.76695,1.76404,1.75,0,0
387,387,2021-12-16 08:31:00,1.763,1.764,1.762,1.763,1621.21,2021-12-16 08:31:59.999,1.764,1.7666,1.7644399999999998,1.75029,0,0
388,388,2021-12-16 08:32:00,1.763,1.763,1.76,1.762,6773.2,2021-12-16 08:32:59.999,1.7637999999999998,1.76615,1.7644399999999998,1.7505600000000001,0,0
389,389,2021-12-16 08:33:00,1.762,1.765,1.762,1.765,2097.54,2021-12-16 08:33:59.999,1.7635999999999998,1.7658999999999998,1.7644399999999998,1.7508299999999999,0,0
390,390,2021-12-16 08:34:00,1.765,1.765,1.761,1.761,1121.41,2021-12-16 08:34:59.999,1.7625999999999997,1.7654999999999998,1.76406,1.7510299999999999,0,0
391,391,2021-12-16 08:35:00,1.761,1.763,1.754,1.76,14183.94,2021-12-16 08:35:59.999,1.7622,1.76525,1.7636999999999998,1.7512,0,0
392,392,2021-12-16 08:36:00,1.758,1.764,1.748,1.756,13748.27,2021-12-16 08:36:59.999,1.7608000000000001,1.7647000000000002,1.7636399999999997,1.75136,0,0
393,393,2021-12-16 08:37:00,1.756,1.756,1.745,1.753,6478.39,2021-12-16 08:37:59.999,1.759,1.7639000000000002,1.7631199999999998,1.75149,0,0
394,394,2021-12-16 08:38:00,1.753,1.754,1.752,1.754,2652.37,2021-12-16 08:38:59.999,1.7567999999999997,1.76325,1.76254,1.7516699999999998,0,0
395,395,2021-12-16 08:39:00,1.754,1.777,1.753,1.773,13065.9,2021-12-16 08:39:59.999,1.7591999999999999,1.7635499999999997,1.76262,1.7519300000000002,0,0
396,396,2021-12-16 08:40:00,1.773,1.773,1.766,1.768,5109.49,2021-12-16 08:40:59.999,1.7608000000000001,1.7635999999999998,1.76268,1.7521,0,0
397,397,2021-12-16 08:41:00,1.768,1.774,1.766,1.767,3915.91,2021-12-16 08:41:59.999,1.763,1.7633500000000002,1.7628599999999996,1.75222,0,0
398,398,2021-12-16 08:42:00,1.767,1.769,1.767,1.769,2711.6,2021-12-16 08:42:59.999,1.7662,1.7634999999999998,1.76324,1.7523700000000002,0,0
399,399,2021-12-16 08:43:00,1.769,1.78,1.767,1.773,12740.66,2021-12-16 08:43:59.999,1.77,1.7639,1.76348,1.75256,0,0
400,400,2021-12-16 08:44:00,1.77,1.774,1.768,1.774,5198.14,2021-12-16 08:44:59.999,1.7701999999999998,1.7643999999999997,1.7636999999999998,1.75281,0,0
401,401,2021-12-16 08:45:00,1.771,1.771,1.769,1.77,3743.29,2021-12-16 08:45:59.999,1.7706,1.7646000000000002,1.7639600000000002,1.7530499999999998,0,0
402,402,2021-12-16 08:46:00,1.77,1.771,1.767,1.767,1790.0,2021-12-16 08:46:59.999,1.7706,1.7646000000000002,1.7641999999999998,1.7532999999999999,0,0
403,403,2021-12-16 08:47:00,1.767,1.768,1.766,1.766,4435.8,2021-12-16 08:47:59.999,1.77,1.76475,1.7644399999999998,1.7536,0,0
404,404,2021-12-16 08:48:00,1.766,1.768,1.766,1.768,1315.02,2021-12-16 08:48:59.999,1.7690000000000001,1.7648500000000003,1.7647599999999997,1.75393,0,0
405,405,2021-12-16 08:49:00,1.766,1.768,1.766,1.766,3645.11,2021-12-16 08:49:59.999,1.7673999999999999,1.7648499999999998,1.76506,1.7541399999999998,0,0
406,406,2021-12-16 08:50:00,1.766,1.766,1.759,1.761,6942.83,2021-12-16 08:50:59.999,1.7655999999999998,1.7648,1.76528,1.75434,0,0
407,407,2021-12-16 08:51:00,1.762,1.772,1.762,1.762,10171.28,2021-12-16 08:51:59.999,1.7646000000000002,1.76475,1.76546,1.75458,0,0
408,408,2021-12-16 08:52:00,1.762,1.762,1.755,1.756,5381.33,2021-12-16 08:52:59.999,1.7626000000000002,1.76445,1.7656,1.75473,0,0
409,409,2021-12-16 08:53:00,1.756,1.759,1.755,1.757,996.52,2021-12-16 08:53:59.999,1.7604,1.76405,1.7656800000000001,1.75498,0,0
410,410,2021-12-16 08:54:00,1.759,1.76,1.757,1.758,1124.28,2021-12-16 08:54:59.999,1.7588000000000001,1.7639,1.76552,1.7552800000000002,0,0
411,411,2021-12-16 08:55:00,1.758,1.758,1.752,1.754,9763.39,2021-12-16 08:55:59.999,1.7573999999999999,1.7635999999999998,1.7653,1.7556200000000002,0,0
412,412,2021-12-16 08:56:00,1.753,1.753,1.75,1.752,3255.87,2021-12-16 08:56:59.999,1.7553999999999998,1.7633999999999996,1.7650199999999998,1.7560000000000002,0,0
413,413,2021-12-16 08:57:00,1.753,1.759,1.753,1.759,2333.71,2021-12-16 08:57:59.999,1.7559999999999998,1.7636999999999996,1.7649,1.7564,0,0
414,414,2021-12-16 08:58:00,1.757,1.757,1.752,1.752,5053.45,2021-12-16 08:58:59.999,1.7550000000000001,1.7635999999999998,1.76454,1.75675,0,0
415,415,2021-12-16 08:59:00,1.752,1.76,1.752,1.759,1729.63,2021-12-16 08:59:59.999,1.7551999999999999,1.7629000000000001,1.7642999999999998,1.7571599999999998,0,0
416,416,2021-12-16 09:00:00,1.756,1.758,1.745,1.749,11841.94,2021-12-16 09:00:59.999,1.7542000000000002,1.7619500000000001,1.76386,1.75741,0,0
417,417,2021-12-16 09:01:00,1.748,1.751,1.747,1.747,6045.51,2021-12-16 09:01:59.999,1.7532,1.76095,1.7634,1.7577,0,0
418,418,2021-12-16 09:02:00,1.747,1.754,1.745,1.754,2134.48,2021-12-16 09:02:59.999,1.7521999999999998,1.7602,1.7630599999999998,1.75796,0,0
419,419,2021-12-16 09:03:00,1.754,1.754,1.75,1.75,1151.58,2021-12-16 09:03:59.999,1.7518,1.7590499999999998,1.76266,1.75821,0,0
420,420,2021-12-16 09:04:00,1.751,1.751,1.745,1.746,1747.68,2021-12-16 09:04:59.999,1.7492,1.75765,1.7622,1.75847,0,0
421,421,2021-12-16 09:05:00,1.747,1.754,1.746,1.747,3728.6,2021-12-16 09:05:59.999,1.7488,1.7565000000000002,1.76184,1.7586399999999998,0,0
422,422,2021-12-16 09:06:00,1.747,1.749,1.746,1.747,2218.48,2021-12-16 09:06:59.999,1.7488,1.7555,1.7614400000000001,1.7587899999999999,0,0
423,423,2021-12-16 09:07:00,1.747,1.747,1.745,1.745,518.34,2021-12-16 09:07:59.999,1.7469999999999999,1.7544499999999998,1.76096,1.7589000000000001,0,0
424,424,2021-12-16 09:08:00,1.745,1.747,1.741,1.742,2046.38,2021-12-16 09:08:59.999,1.7454,1.7531499999999998,1.76046,1.7590000000000001,0,0
425,425,2021-12-16 09:09:00,1.741,1.743,1.74,1.743,2809.53,2021-12-16 09:09:59.999,1.7448000000000001,1.752,1.75998,1.75914,0,0
426,426,2021-12-16 09:10:00,1.742,1.743,1.733,1.735,5932.49,2021-12-16 09:10:59.999,1.7424000000000004,1.7506999999999997,1.75934,1.75921,0,0
427,427,2021-12-16 09:11:00,1.735,1.737,1.725,1.732,14155.12,2021-12-16 09:11:59.999,1.7393999999999998,1.7491999999999996,1.7585400000000002,1.75918,0,0
428,428,2021-12-16 09:12:00,1.731,1.736,1.73,1.736,3723.34,2021-12-16 09:12:59.999,1.7376,1.7482,1.7579399999999998,1.7591299999999999,0,0
429,429,2021-12-16 09:13:00,1.736,1.737,1.727,1.73,6587.85,2021-12-16 09:13:59.999,1.7352,1.7468499999999998,1.75724,1.7590200000000003,0,0
430,430,2021-12-16 09:14:00,1.734,1.734,1.726,1.732,4768.74,2021-12-16 09:14:59.999,1.7329999999999999,1.7455500000000002,1.7566,1.75892,0,0
431,431,2021-12-16 09:15:00,1.732,1.747,1.732,1.744,5229.81,2021-12-16 09:15:59.999,1.7348,1.7450499999999998,1.75616,1.75894,0,0
432,432,2021-12-16 09:16:00,1.744,1.749,1.743,1.746,6267.75,2021-12-16 09:16:59.999,1.7376,1.7447500000000002,1.75574,1.7589999999999997,0,0
433,433,2021-12-16 09:17:00,1.748,1.75,1.748,1.749,1472.99,2021-12-16 09:17:59.999,1.7402000000000002,1.7442500000000003,1.75546,1.7590499999999998,0,0
434,434,2021-12-16 09:18:00,1.749,1.751,1.749,1.749,4787.85,2021-12-16 09:18:59.999,1.7440000000000002,1.7441,1.75512,1.7590999999999999,0,0
435,435,2021-12-16 09:19:00,1.748,1.75,1.748,1.748,1766.85,2021-12-16 09:19:59.999,1.7472,1.7435500000000002,1.75476,1.75918,0,0
436,436,2021-12-16 09:20:00,1.75,1.757,1.75,1.757,2632.83,2021-12-16 09:20:59.999,1.7498,1.74395,1.75466,1.75935,0,0
437,437,2021-12-16 09:21:00,1.755,1.757,1.75,1.751,1788.71,2021-12-16 09:21:59.999,1.7508,1.7441499999999999,1.75442,1.75943,0,0
438,438,2021-12-16 09:22:00,1.752,1.753,1.75,1.753,4801.37,2021-12-16 09:22:59.999,1.7515999999999998,1.7441,1.75424,1.75934,0,0
439,439,2021-12-16 09:23:00,1.753,1.753,1.749,1.752,2239.94,2021-12-16 09:23:59.999,1.7521999999999998,1.7442,1.7539799999999999,1.75921,0,0
440,440,2021-12-16 09:24:00,1.751,1.752,1.749,1.75,8234.86,2021-12-16 09:24:59.999,1.7526,1.7444,1.7537599999999998,1.75891,0,0
441,441,2021-12-16 09:25:00,1.751,1.752,1.751,1.751,2160.73,2021-12-16 09:25:59.999,1.7513999999999998,1.7445999999999997,1.7535800000000001,1.75864,0,0
442,442,2021-12-16 09:26:00,1.751,1.754,1.751,1.754,1577.88,2021-12-16 09:26:59.999,1.752,1.74495,1.75354,1.75859,0,0
443,443,2021-12-16 09:27:00,1.752,1.77,1.752,1.765,24952.69,2021-12-16 09:27:59.999,1.7543999999999997,1.74595,1.7537800000000001,1.75845,0,0
444,444,2021-12-16 09:28:00,1.764,1.767,1.763,1.767,9527.93,2021-12-16 09:28:59.999,1.7573999999999999,1.7472,1.75404,1.7582900000000001,0,0
445,445,2021-12-16 09:29:00,1.765,1.767,1.76,1.762,6503.55,2021-12-16 09:29:59.999,1.7597999999999998,1.74815,1.7538200000000002,1.7582200000000001,0,0
446,446,2021-12-16 09:30:00,1.762,1.772,1.762,1.767,14836.02,2021-12-16 09:30:59.999,1.763,1.7497500000000001,1.7538,1.75824,0,0
447,447,2021-12-16 09:31:00,1.766,1.769,1.765,1.768,2776.53,2021-12-16 09:31:59.999,1.7657999999999998,1.75155,1.7538200000000002,1.75834,0,0
448,448,2021-12-16 09:32:00,1.766,1.768,1.761,1.763,2222.76,2021-12-16 09:32:59.999,1.7654,1.7529,1.7537,1.7584699999999998,0,0
449,449,2021-12-16 09:33:00,1.76,1.798,1.758,1.789,43071.6,2021-12-16 09:33:59.999,1.7698,1.7558500000000001,1.7540200000000001,1.75875,0,0
450,450,2021-12-16 09:34:00,1.791,1.819,1.786,1.811,60126.12,2021-12-16 09:34:59.999,1.7795999999999998,1.7597999999999998,1.75476,1.75923,0,0
451,451,2021-12-16 09:35:00,1.811,1.822,1.782,1.791,63967.37,2021-12-16 09:35:59.999,1.7844000000000002,1.76215,1.7551799999999997,1.7595699999999999,0,0
452,452,2021-12-16 09:36:00,1.79,1.791,1.77,1.774,22236.11,2021-12-16 09:36:59.999,1.7855999999999999,1.76355,1.7553199999999998,1.75976,0,0
453,453,2021-12-16 09:37:00,1.774,1.786,1.774,1.786,8903.54,2021-12-16 09:37:59.999,1.7902,1.7654,1.75572,1.76008,0,0
454,454,2021-12-16 09:38:00,1.785,1.807,1.785,1.807,9666.35,2021-12-16 09:38:59.999,1.7937999999999998,1.7683,1.7565,1.76063,0,0
455,455,2021-12-16 09:39:00,1.804,1.817,1.802,1.804,13136.44,2021-12-16 09:39:59.999,1.7924,1.7711,1.75726,1.7611599999999998,0,0
456,456,2021-12-16 09:40:00,1.804,1.805,1.791,1.793,4595.54,2021-12-16 09:40:59.999,1.7927999999999997,1.7729,1.7579000000000002,1.76159,0,0
457,457,2021-12-16 09:41:00,1.792,1.793,1.789,1.79,3475.68,2021-12-16 09:41:59.999,1.796,1.77485,1.7584600000000001,1.76196,0,0
458,458,2021-12-16 09:42:00,1.79,1.795,1.79,1.791,1903.83,2021-12-16 09:42:59.999,1.797,1.7767500000000003,1.75916,1.76238,0,0
459,459,2021-12-16 09:43:00,1.791,1.793,1.79,1.791,1475.4,2021-12-16 09:43:59.999,1.7937999999999998,1.7787,1.75984,1.7627599999999999,0,0
460,460,2021-12-16 09:44:00,1.791,1.805,1.791,1.803,2264.27,2021-12-16 09:44:59.999,1.7936,1.7813499999999998,1.7607400000000002,1.7631299999999999,0,0
461,461,2021-12-16 09:45:00,1.8,1.805,1.8,1.803,1927.04,2021-12-16 09:45:59.999,1.7955999999999999,1.7839500000000001,1.76172,1.7635099999999997,0,0
462,462,2021-12-16 09:46:00,1.805,1.82,1.804,1.814,13448.76,2021-12-16 09:46:59.999,1.8003999999999998,1.7869499999999998,1.7629599999999999,1.76399,0,0
463,463,2021-12-16 09:47:00,1.813,1.82,1.807,1.813,5941.55,2021-12-16 09:47:59.999,1.8047999999999997,1.7893500000000002,1.76404,1.76447,0,0
464,464,2021-12-16 09:48:00,1.814,1.817,1.81,1.814,2773.0,2021-12-16 09:48:59.999,1.8094000000000001,1.7917,1.76528,1.7649099999999998,0,0
465,465,2021-12-16 09:49:00,1.817,1.817,1.814,1.815,4080.26,2021-12-16 09:49:59.999,1.8117999999999999,1.7943500000000001,1.7664000000000002,1.76535,0,0
466,466,2021-12-16 09:50:00,1.815,1.815,1.808,1.808,8847.08,2021-12-16 09:50:59.999,1.8128,1.7963999999999998,1.7675799999999997,1.76572,0,0
467,467,2021-12-16 09:51:00,1.809,1.809,1.8,1.8,5051.23,2021-12-16 09:51:59.999,1.81,1.798,1.76864,1.7660199999999997,0,0
468,468,2021-12-16 09:52:00,1.8,1.806,1.8,1.801,12799.95,2021-12-16 09:52:59.999,1.8076,1.7998999999999998,1.7695800000000004,1.7663200000000001,0,0
469,469,2021-12-16 09:53:00,1.802,1.803,1.794,1.794,4581.73,2021-12-16 09:53:59.999,1.8036,1.80015,1.7704600000000001,1.7665599999999997,0,0
470,470,2021-12-16 09:54:00,1.792,1.792,1.78,1.79,5043.59,2021-12-16 09:54:59.999,1.7986,1.7991,1.77134,1.7667700000000002,0,0
471,471,2021-12-16 09:55:00,1.793,1.8,1.79,1.798,5459.21,2021-12-16 09:55:59.999,1.7966000000000002,1.7994499999999998,1.77236,1.7671000000000001,0,0
472,472,2021-12-16 09:56:00,1.796,1.796,1.795,1.795,333.55,2021-12-16 09:56:59.999,1.7955999999999999,1.8005,1.77332,1.76738,0,0
473,473,2021-12-16 09:57:00,1.795,1.795,1.79,1.791,4448.45,2021-12-16 09:57:59.999,1.7936,1.80075,1.7742399999999998,1.7675999999999998,0,0
474,474,2021-12-16 09:58:00,1.791,1.795,1.791,1.795,1759.87,2021-12-16 09:58:59.999,1.7937999999999998,1.80015,1.7753,1.7678800000000001,0,0
475,475,2021-12-16 09:59:00,1.796,1.8,1.796,1.8,2287.41,2021-12-16 09:59:59.999,1.7958000000000003,1.7999500000000002,1.7764399999999998,1.76821,0,0
476,476,2021-12-16 10:00:00,1.798,1.798,1.793,1.793,1699.75,2021-12-16 10:00:59.999,1.7948,1.7999500000000002,1.7775999999999998,1.76847,0,0
477,477,2021-12-16 10:01:00,1.793,1.793,1.791,1.792,3845.36,2021-12-16 10:01:59.999,1.7942,1.8000500000000001,1.7788,1.76867,0,0
478,478,2021-12-16 10:02:00,1.792,1.793,1.79,1.793,7761.65,2021-12-16 10:02:59.999,1.7945999999999998,1.80015,1.77994,1.76894,0,0
479,479,2021-12-16 10:03:00,1.79,1.792,1.79,1.791,2372.14,2021-12-16 10:03:59.999,1.7937999999999998,1.80015,1.78116,1.7692,0,0
480,480,2021-12-16 10:04:00,1.79,1.791,1.79,1.79,3392.05,2021-12-16 10:04:59.999,1.7917999999999998,1.7995,1.78232,1.76946,0,0
481,481,2021-12-16 10:05:00,1.79,1.793,1.79,1.793,2894.71,2021-12-16 10:05:59.999,1.7917999999999998,1.799,1.7833,1.76973,0,0
482,482,2021-12-16 10:06:00,1.793,1.793,1.781,1.787,10535.4,2021-12-16 10:06:59.999,1.7908000000000002,1.7976499999999997,1.7841199999999997,1.7699300000000002,0,0
483,483,2021-12-16 10:07:00,1.787,1.788,1.773,1.774,4688.61,2021-12-16 10:07:59.999,1.7870000000000001,1.7956999999999996,1.7846199999999999,1.7700400000000003,0,0
484,484,2021-12-16 10:08:00,1.774,1.774,1.768,1.77,3900.58,2021-12-16 10:08:59.999,1.7828,1.7934999999999999,1.78504,1.7700799999999999,0,0
485,485,2021-12-16 10:09:00,1.77,1.776,1.77,1.776,1233.79,2021-12-16 10:09:59.999,1.78,1.7915499999999998,1.7856,1.77018,0,0
486,486,2021-12-16 10:10:00,1.775,1.777,1.771,1.771,3591.41,2021-12-16 10:10:59.999,1.7756,1.7896999999999998,1.78588,1.7702699999999998,0,0
487,487,2021-12-16 10:11:00,1.77,1.77,1.768,1.769,9051.92,2021-12-16 10:11:59.999,1.7719999999999998,1.78815,1.78624,1.77033,0,0
488,488,2021-12-16 10:12:00,1.768,1.768,1.76,1.768,9156.19,2021-12-16 10:12:59.999,1.7708,1.7864999999999998,1.78654,1.77039,0,0
489,489,2021-12-16 10:13:00,1.765,1.766,1.765,1.765,957.53,2021-12-16 10:13:59.999,1.7698,1.78505,1.7868000000000002,1.7703900000000001,0,0
490,490,2021-12-16 10:14:00,1.764,1.764,1.76,1.762,4046.16,2021-12-16 10:14:59.999,1.767,1.7836499999999997,1.7870400000000002,1.7704000000000002,0,0
491,491,2021-12-16 10:15:00,1.762,1.784,1.762,1.781,19062.98,2021-12-16 10:15:59.999,1.7689999999999997,1.7828,1.7876400000000001,1.7706099999999998,0,0
492,492,2021-12-16 10:16:00,1.779,1.784,1.778,1.778,1926.31,2021-12-16 10:16:59.999,1.7708,1.7819500000000001,1.78812,1.77083,0,0
493,493,2021-12-16 10:17:00,1.779,1.779,1.778,1.778,774.11,2021-12-16 10:17:59.999,1.7728000000000002,1.7812999999999999,1.7883799999999999,1.77108,0,0
494,494,2021-12-16 10:18:00,1.779,1.788,1.779,1.788,3805.07,2021-12-16 10:18:59.999,1.7774,1.78095,1.7888,1.7714200000000002,0,0
495,495,2021-12-16 10:19:00,1.788,1.788,1.78,1.78,1064.12,2021-12-16 10:19:59.999,1.781,1.77995,1.7891599999999999,1.77149,0,0
496,496,2021-12-16 10:20:00,1.781,1.802,1.78,1.795,8570.16,2021-12-16 10:20:59.999,1.7838,1.78005,1.78972,1.7717599999999998,0,0
497,497,2021-12-16 10:21:00,1.795,1.796,1.79,1.793,3545.1,2021-12-16 10:21:59.999,1.7868,1.7800999999999998,1.79022,1.77202,0,0
498,498,2021-12-16 10:22:00,1.791,1.791,1.783,1.784,3868.61,2021-12-16 10:22:59.999,1.7879999999999998,1.7796499999999997,1.79064,1.7721699999999998,0,0
499,499,2021-12-16 10:23:00,1.782,1.788,1.782,1.788,4200.89,2021-12-16 10:23:59.999,1.7879999999999998,1.7795,1.7906199999999999,1.77232,0,0
